,alpha,beta,K,M,accuracy
0,2,2,10,10,0.006510992140334891
1,2,2,10,20,0.006595284200934047
2,2,2,10,30,0.006575919808634241
3,2,2,10,40,0.006603257774233967
