,alpha,beta,K,M,accuracy
0,8,5,10,10,96.34354710103656
1,8,5,10,70,96.82196149903179
2,8,5,10,80,96.66249003303338
3,8,5,70,10,82.32144891217679
4,8,5,70,70,82.54926529217451
5,8,5,70,80,82.3897938261761
